Dia (Dia da Semana) ,Data (dd/mm/aa),Turno,Descarte (kg),Produção Total (kg),Produção ideal (kg),Produção - Arroz (kg),Produção - Feijão (kg),Produção - Macarrão (kg),Produção - Batata (kg),Produção - Carne (kg),Produção - Extrato de tomate (kg),Produção - Alface (Unid.),Produção - Cenoura (ou Beterraba) (kg),Produção - Couve (Maços),Produção - Tomate (kg),Produção - Pepino (kg),Produção - Cebola (kg),Classificação do dia
Quita-feira,01/06/2023,Almoço,"40,80","448,5","407,70",40,20,"12,5",125,120,4,15,25,30,30,25,2,0
Quita-feira,01/06/2023,Jantar,"31,45","268,5","237,05",15,10,"12,5",40,60,4,15,25,30,30,25,2,0
Sexta-feira,02/06/2023,Almoço,"41,90","448,5","406,60",40,20,"12,5",125,120,4,15,25,30,30,25,2,1
Sexta-feira,02/06/2023,Jantar,"11,55","268,5","256,95",15,10,"12,5",40,60,4,15,25,30,30,25,2,1
Sábado,03/06/2023,Almoço,"11,15","448,5","437,35",40,20,"12,5",125,120,4,15,25,30,30,25,2,2
Sábado,03/06/2023,Jantar,"9,3","268,5","259,2",15,10,"12,5",40,60,4,15,25,30,30,25,2,2
Domingo,04/06/2023,Almoço,"2,65","448,5","445,85",40,20,"12,5",125,120,4,15,25,30,30,25,2,2
Domingo,04/06/2023,Jantar,"7,55","268,5","260,95",15,10,"12,5",40,60,4,15,25,30,30,25,2,2
Segunda-feira,05/06/2023,Almoço,"53,45","448,5","395,05",40,20,"12,5",125,120,4,15,25,30,30,25,2,0
Segunda-feira,05/06/2023,Jantar,"17,15","268,5","251,35",15,10,"12,5",40,60,4,15,25,30,30,25,2,0
Terça-feira,06/06/2023,Almoço,"32,1","448,5","416,4",40,20,"12,5",125,120,4,15,25,30,30,25,2,0
Terça-feira,06/06/2023,Jantar,"21,5","268,5",247,15,10,"12,5",40,60,4,15,25,30,30,25,2,0
Quarta-feira,07/06/2023,Almoço,48,"448,5","400,5",40,20,"12,5",125,120,4,15,25,30,30,25,2,3
Quarta-feira,07/06/2023,Jantar,"9,51","268,5","258,99",15,10,"12,5",40,60,4,15,25,30,30,25,2,3
Quinta-feira,08/06/2023,Almoço,"5,75","448,5","442,75",40,20,"12,5",125,120,4,15,25,30,30,25,2,4
Quinta-feira,08/06/2023,Jantar,"2,1","268,5","266,4",15,10,"12,5",40,60,4,15,25,30,30,25,2,4
Sexta-feira,09/06/2023,Almoço,"3,1","448,5","445,4",40,20,"12,5",125,120,4,15,25,30,30,25,2,5
Sexta-feira,09/06/2023,Jantar,"1,2","268,5","267,3",15,10,"12,5",40,60,4,15,25,30,30,25,2,5
Sábado,10/06/2023,Almoço,"5,4","448,5","443,1",40,20,"12,5",125,120,4,15,25,30,30,25,2,2
Sábado,10/06/2023,Jantar,3,"268,5","265,5",15,10,"12,5",40,60,4,15,25,30,30,25,2,2
Domingo,11/06/2023,Almoço,"4,5","448,5",444,40,20,"12,5",125,120,4,15,25,30,30,25,2,2
Domingo,11/06/2023,Jantar,"9,85","268,5","258,65",15,10,"12,5",40,60,4,15,25,30,30,25,2,2
Segunda-feira,12/06/2023,Almoço,"35,35","448,5","413,15",40,20,"12,5",125,120,4,15,25,30,30,25,2,0
Segunda-feira,12/06/2023,Jantar,"23,85","268,5","244,65",15,10,"12,5",40,60,4,15,25,30,30,25,2,0
Terça-feira,13/06/2023,Almoço,41,"448,5","407,5",40,20,"12,5",125,120,4,15,25,30,30,25,2,0
Terça-feira,13/06/2023,Jantar,"30,65","268,5","237,85",15,10,"12,5",40,60,4,15,25,30,30,25,2,0
Quarta-feira,14/06/2023,Almoço,"36,7","448,5","411,8",40,20,"12,5",125,120,4,15,25,30,30,25,2,0
Quarta-feira,14/06/2023,Jantar,14,"268,5","254,5",15,10,"12,5",40,60,4,15,25,30,30,25,2,0
Quinta-feira,15/06/2023,Almoço,51,"448,5","397,5",40,20,"12,5",125,120,4,15,25,30,30,25,2,0
Quinta-feira,15/06/2023,Jantar,"15,45","268,5","253,05",15,10,"12,5",40,60,4,15,25,30,30,25,2,0
Sexta-feira,16/06/2023,Almoço,"42,55","448,5","405,95",40,20,"12,5",125,120,4,15,25,30,30,25,2,1
Sexta-feira,16/06/2023,Jantar,"10,4","268,5","258,1",15,10,"12,5",40,60,4,15,25,30,30,25,2,1
Sábado,17/06/2023,Almoço,"28,8","448,5","419,7",40,20,"12,5",125,120,4,15,25,30,30,25,2,2
Sábado,17/06/2023,Jantar,"6,35","268,5","262,15",15,10,"12,5",40,60,4,15,25,30,30,25,2,2
Domingo,18/06/2023,Almoço,"12,55","448,5","435,95",40,20,"12,5",125,120,4,15,25,30,30,25,2,2
Domingo,18/06/2023,Jantar,"8,75","268,5","259,75",15,10,"12,5",40,60,4,15,25,30,30,25,2,2
Segunda-feira,19/06/2023,Almoço,53,"448,5","395,5",40,20,"12,5",125,120,4,15,25,30,30,25,2,0
Segunda-feira,19/06/2023,Jantar,"27,95","268,5","240,55",15,10,"12,5",40,60,4,15,25,30,30,25,2,0
Terça-feira,20/06/2023,Almoço,"50,85","448,5","397,65",40,20,"12,5",125,120,4,15,25,30,30,25,2,0
Terça-feira,20/06/2023,Jantar,"12,6","268,5","255,9",15,10,"12,5",40,60,4,15,25,30,30,25,2,0
Quarta-feira,21/06/2023,Almoço,"37,7","448,5","410,8",40,20,"12,5",125,120,4,15,25,30,30,25,2,0
Quarta-feira,21/06/2023,Jantar,"4,1","268,5","264,4",15,10,"12,5",40,60,4,15,25,30,30,25,2,0
Quinta-feira,22/06/2023,Almoço,"48,25","448,5","400,25",40,20,"12,5",125,120,4,15,25,30,30,25,2,0
Quinta-feira,22/06/2023,Jantar,"23,7","268,5","244,8",15,10,"12,5",40,60,4,15,25,30,30,25,2,0
Sexta-feira,23/06/2023,Almoço,"20,3","448,5","428,2",40,20,"12,5",125,120,4,15,25,30,30,25,2,1
Sexta-feira,23/06/2023,Jantar,"3,45","268,5","265,05",15,10,"12,5",40,60,4,15,25,30,30,25,2,1
Sábado,24/06/2023,Almoço,"8,7","448,5","439,8",40,20,"12,5",125,120,4,15,25,30,30,25,2,2
Sábado,24/06/2023,Jantar,5,"268,5","263,5",15,10,"12,5",40,60,4,15,25,30,30,25,2,2
Domingo,25/06/2023,Almoço,"9,35","448,5","439,15",40,20,"12,5",125,120,4,15,25,30,30,25,2,2
Domingo,25/06/2023,Jantar,"6,2","268,5","262,3",15,10,"12,5",40,60,4,15,25,30,30,25,2,2
Segunda-feira,26/06/2023,Almoço,"59,35","448,5","389,15",40,20,"12,5",125,120,4,15,25,30,30,25,2,0
Segunda-feira,26/06/2023,Jantar,19,"268,5","249,5",15,10,"12,5",40,60,4,15,25,30,30,25,2,0
Terça-feira,27/06/2023,Almoço,"30,6","448,5","417,9",40,20,"12,5",125,120,4,15,25,30,30,25,2,0
Terça-feira,27/06/2023,Jantar,21,"268,5","247,5",15,10,"12,5",40,60,4,15,25,30,30,25,2,0
Quarta-feira,28/06/2023,Almoço,"40,65","448,5","407,85",40,20,"12,5",125,120,4,15,25,30,30,25,2,0
Quarta-feira,28/06/2023,Jantar,"14,15","268,5","254,35",15,10,"12,5",40,60,4,15,25,30,30,25,2,0
Quinta-feira,29/06/2023,Almoço,"49,15","448,5","399,35",40,20,"12,5",125,120,4,15,25,30,30,25,2,0
Quinta-feira,29/06/2023,Jantar,6,"268,5","262,5",15,10,"12,5",40,60,4,15,25,30,30,25,2,0
Sexta-feira,30/06/2023,Almoço,"39,4","448,5","409,1",40,20,"12,5",125,120,4,15,25,30,30,25,2,1
Sexta-feira,30/06/2023,Jantar,4,"268,5","264,5",15,10,"12,5",40,60,4,15,25,30,30,25,2,1
Sábado,01/07/2023,Almoço,"12,45","448,5","436,05",40,20,"12,5",125,120,4,15,25,30,30,25,2,2
Sábado,01/07/2023,Jantar,"6,4","268,5","262,1",15,10,"12,5",40,60,4,15,25,30,30,25,2,2
Domingo,02/07/2023,Almoço,"7,1","448,5","441,4",40,20,"12,5",125,120,4,15,25,30,30,25,2,2
Domingo,02/07/2023,Jantar,"4,35","268,5","264,15",15,10,"12,5",40,60,4,15,25,30,30,25,2,2
Segunda-feira,03/07/2023,Almoço,"24,15","448,5","424,35",40,20,"12,5",125,120,4,15,25,30,30,25,2,0
Segunda-feira,03/07/2023,Jantar,"9,95","268,5","258,55",15,10,"12,5",40,60,4,15,25,30,30,25,2,0
Terça-feira,04/07/2023,Almoço,"29,65","448,5","418,85",40,20,"12,5",125,120,4,15,25,30,30,25,2,0
Terça-feira,04/07/2023,Jantar,"16,1","268,5","252,4",15,10,"12,5",40,60,4,15,25,30,30,25,2,0
Quarta-feira,05/07/2023,Almoço,"22,15","448,5","426,35",40,20,"12,5",125,120,4,15,25,30,30,25,2,0
Quarta-feira,05/07/2023,Jantar,"9,5","268,5",259,15,10,"12,5",40,60,4,15,25,30,30,25,2,0
Quinta-feira,06/07/2023,Almoço,"28,65","448,5","419,85",40,20,"12,5",125,120,4,15,25,30,30,25,2,0
Quinta-feira,06/07/2023,Jantar,"4,5","268,5",264,15,10,"12,5",40,60,4,15,25,30,30,25,2,0
Sexta-feira,07/07/2023,Almoço,"13,95","448,5","434,55",40,20,"12,5",125,120,4,15,25,30,30,25,2,1
Sexta-feira,07/07/2023,Jantar,"12,45","268,5","256,05",15,10,"12,5",40,60,4,15,25,30,30,25,2,1
Sábado,08/07/2023,Almoço,2,"448,5","446,5",40,20,"12,5",125,120,4,15,25,30,30,25,2,2
Sábado,08/07/2023,Jantar,4,"268,5","264,5",15,10,"12,5",40,60,4,15,25,30,30,25,2,2
Domingo,09/07/2023,Almoço,3,"448,5","445,5",40,20,"12,5",125,120,4,15,25,30,30,25,2,2
Domingo,09/07/2023,Jantar,"4,3","268,5","264,2",15,10,"12,5",40,60,4,15,25,30,30,25,2,2
Segunda-feira,10/07/2023,Almoço,"6,35","448,5","442,15",40,20,"12,5",125,120,4,15,25,30,30,25,2,0
Segunda-feira,10/07/2023,Jantar,"0,98","268,5","267,52",15,10,"12,5",40,60,4,15,25,30,30,25,2,0
Terça-feira,11/07/2023,Almoço,"4,1","448,5","444,4",40,20,"12,5",125,120,4,15,25,30,30,25,2,0
Terça-feira,11/07/2023,Jantar,2,"268,5","266,5",15,10,"12,5",40,60,4,15,25,30,30,25,2,0
Quarta-feira,12/07/2023,Almoço,"3,45","448,5","445,05",40,20,"12,5",125,120,4,15,25,30,30,25,2,0
Quarta-feira,12/07/2023,Jantar,4,"268,5","264,5",15,10,"12,5",40,60,4,15,25,30,30,25,2,0
Quinta-feira,13/07/2023,Almoço,"12,3","448,5","436,2",40,20,"12,5",125,120,4,15,25,30,30,25,2,0
Quinta-feira,13/07/2023,Jantar,"5,7","268,5","262,8",15,10,"12,5",40,60,4,15,25,30,30,25,2,0
Sexta-feira,14/07/2023,Almoço,5,"448,5","443,5",40,20,"12,5",125,120,4,15,25,30,30,25,2,6
Sexta-feira,14/07/2023,Jantar,"1,25","268,5","267,25",15,10,"12,5",40,60,4,15,25,30,30,25,2,6
Sábado,15/07/2023,Almoço,"2,25","448,5","446,25",40,20,"12,5",125,120,4,15,25,30,30,25,2,6
Sábado,15/07/2023,Jantar,3,"268,5","265,5",15,10,"12,5",40,60,4,15,25,30,30,25,2,6
Domingo,16/07/2023,Almoço,"1,6","448,5","446,9",40,20,"12,5",125,120,4,15,25,30,30,25,2,6
Domingo,16/07/2023,Jantar,"2,5","268,5",266,15,10,"12,5",40,60,4,15,25,30,30,25,2,6
Segunda-feira,17/07/2023,Almoço,"6,35","448,5","442,15",40,20,"12,5",125,120,4,15,25,30,30,25,2,6
Segunda-feira,17/07/2023,Jantar,"1,3","268,5","267,2",15,10,"12,5",40,60,4,15,25,30,30,25,2,6
Terça-feira,18/07/2023,Almoço,"8,1","448,5","440,4",40,20,"12,5",125,120,4,15,25,30,30,25,2,6
Terça-feira,18/07/2023,Jantar,"3,8","268,5","264,7",15,10,"12,5",40,60,4,15,25,30,30,25,2,6
Quarta-feira,19/07/2023,Almoço,"11,7","448,5","436,8",40,20,"12,5",125,120,4,15,25,30,30,25,2,6
Quarta-feira,19/07/2023,Jantar,"1,32","268,5","267,18",15,10,"12,5",40,60,4,15,25,30,30,25,2,6
Quinta-feira,20/07/2023,Almoço,"9,55","448,5","438,95",40,20,"12,5",125,120,4,15,25,30,30,25,2,6
Quinta-feira,20/07/2023,Jantar,"5,5","268,5",263,15,10,"12,5",40,60,4,15,25,30,30,25,2,6
Sexta-feira,21/07/2023,Almoço,"5,84","448,5","442,66",40,20,"12,5",125,120,4,15,25,30,30,25,2,6
Sexta-feira,21/07/2023,Jantar,"1,48","268,5","267,02",15,10,"12,5",40,60,4,15,25,30,30,25,2,6
Sábado,22/07/2023,Almoço,"5,45","448,5","443,05",40,20,"12,5",125,120,4,15,25,30,30,25,2,6
Sábado,22/07/2023,Jantar,"5,6","268,5","262,9",15,10,"12,5",40,60,4,15,25,30,30,25,2,6
Domingo,23/07/2023,Almoço,"1,8","448,5","446,7",40,20,"12,5",125,120,4,15,25,30,30,25,2,6
Domingo,23/07/2023,Jantar,0,"268,5","268,5",15,10,"12,5",40,60,4,15,25,30,30,25,2,6
Segunda-feira,24/07/2023,Almoço,"4,25","448,5","444,25",40,20,"12,5",125,120,4,15,25,30,30,25,2,6
Segunda-feira,24/07/2023,Jantar,"2,05","268,5","266,45",15,10,"12,5",40,60,4,15,25,30,30,25,2,6
Terça-feira,25/07/2023,Almoço,"2,25","448,5","446,25",40,20,"12,5",125,120,4,15,25,30,30,25,2,6
Terça-feira,25/07/2023,Jantar,"1,15","268,5","267,35",15,10,"12,5",40,60,4,15,25,30,30,25,2,6
Quarta-feira,26/07/2023,Almoço,"1,2","448,5","447,3",40,20,"12,5",125,120,4,15,25,30,30,25,2,6
Quarta-feira,26/07/2023,Jantar,0,"268,5","268,5",15,10,"12,5",40,60,4,15,25,30,30,25,2,6
Quinta-feira,27/07/2023,Almoço,9,"448,5","439,5",40,20,"12,5",125,120,4,15,25,30,30,25,2,6
Quinta-feira,27/07/2023,Jantar,"1,7","268,5","266,8",15,10,"12,5",40,60,4,15,25,30,30,25,2,6
Sexta-feira,28/07/2023,Almoço,3,"448,5","445,5",40,20,"12,5",125,120,4,15,25,30,30,25,2,6
Sexta-feira,28/07/2023,Jantar,0,"268,5","268,5",15,10,"12,5",40,60,4,15,25,30,30,25,2,6
Sábado,29/07/2023,Almoço,0,"448,5","448,5",40,20,"12,5",125,120,4,15,25,30,30,25,2,6
Sábado,29/07/2023,Jantar,0,"268,5","268,5",15,10,"12,5",40,60,4,15,25,30,30,25,2,6
Domingo,30/07/2023,Almoço,0,"448,5","448,5",40,20,"12,5",125,120,4,15,25,30,30,25,2,6
Domingo,30/07/2023,Jantar,"1,7","268,5","266,8",15,10,"12,5",40,60,4,15,25,30,30,25,2,6
Segunda-feira,31/07/2023,Almoço,"4,3","448,5","444,2",40,20,"12,5",125,120,4,15,25,30,30,25,2,6
Segunda-feira,31/07/2023,Jantar,"11,15","268,5","257,35",15,10,"12,5",40,60,4,15,25,30,30,25,2,6
Terça-feira,01/08/2023,Almoço,"43,4","448,5","405,1",40,20,"12,5",125,120,4,15,25,30,30,25,2,0
Terça-feira,01/08/2023,Jantar,12,"268,5","256,5",15,10,"12,5",40,60,4,15,25,30,30,25,2,0
Quarta-feira,02/08/2023,Almoço,"43,15","448,5","405,35",40,20,"12,5",125,120,4,15,25,30,30,25,2,0
Quarta-feira,02/08/2023,Jantar,"15,9","268,5","252,6",15,10,"12,5",40,60,4,15,25,30,30,25,2,0
Quinta-feira,03/08/2023,Almoço,"34,85","448,5","413,65",40,20,"12,5",125,120,4,15,25,30,30,25,2,0
Quinta-feira,03/08/2023,Jantar,14,"268,5","254,5",15,10,"12,5",40,60,4,15,25,30,30,25,2,0
Sexta-feira,04/08/2023,Almoço,"35,15","448,5","413,35",40,20,"12,5",125,120,4,15,25,30,30,25,2,1
Sexta-feira,04/08/2023,Jantar,"7,55","268,5","260,95",15,10,"12,5",40,60,4,15,25,30,30,25,2,1
Sábado,05/08/2023,Almoço,10,"448,5","438,5",40,20,"12,5",125,120,4,15,25,30,30,25,2,2
Sábado,05/08/2023,Jantar,4,"268,5","264,5",15,10,"12,5",40,60,4,15,25,30,30,25,2,2
Domingo,06/08/2023,Almoço,"10,15","448,5","438,35",40,20,"12,5",125,120,4,15,25,30,30,25,2,2
Domingo,06/08/2023,Jantar,"8,25","268,5","260,25",15,10,"12,5",40,60,4,15,25,30,30,25,2,2
Segunda-feira,07/08/2023,Almoço,58,"448,5","390,5",40,20,"12,5",125,120,4,15,25,30,30,25,2,0
Segunda-feira,07/08/2023,Jantar,"16,6","268,5","251,9",15,10,"12,5",40,60,4,15,25,30,30,25,2,0
Terça-feira,08/08/2023,Almoço,"55,55","448,5","392,95",40,20,"12,5",125,120,4,15,25,30,30,25,2,0
Terça-feira,08/08/2023,Jantar,"15,2","268,5","253,3",15,10,"12,5",40,60,4,15,25,30,30,25,2,0
Quarta-feira,09/08/2023,Almoço,"30,9","448,5","417,6",40,20,"12,5",125,120,4,15,25,30,30,25,2,0
Quarta-feira,09/08/2023,Jantar,10,"268,5","258,5",15,10,"12,5",40,60,4,15,25,30,30,25,2,0
Quinta-feira,10/08/2023,Almoço,"35,05","448,5","413,45",40,20,"12,5",125,120,4,15,25,30,30,25,2,0
Quinta-feira,10/08/2023,Jantar,0,"268,5","268,5",15,10,"12,5",40,60,4,15,25,30,30,25,2,0
Sexta-feira,11/08/2023,Almoço,35,"448,5","413,5",40,20,"12,5",125,120,4,15,25,30,30,25,2,1
Sexta-feira,11/08/2023,Jantar,6,"268,5","262,5",15,10,"12,5",40,60,4,15,25,30,30,25,2,1
Sábado,12/08/2023,Almoço,4,"448,5","444,5",40,20,"12,5",125,120,4,15,25,30,30,25,2,2
Sábado,12/08/2023,Jantar,1,"268,5","267,5",15,10,"12,5",40,60,4,15,25,30,30,25,2,2
Domingo,13/08/2023,Almoço,6,"448,5","442,5",40,20,"12,5",125,120,4,15,25,30,30,25,2,2
Domingo,13/08/2023,Jantar,"17,25","268,5","251,25",15,10,"12,5",40,60,4,15,25,30,30,25,2,2
Segunda-feira,14/08/2023,Almoço,"41,9","448,5","406,6",40,20,"12,5",125,120,4,15,25,30,30,25,2,0
Segunda-feira,14/08/2023,Jantar,18,"268,5","250,5",15,10,"12,5",40,60,4,15,25,30,30,25,2,0
Terça-feira,15/08/2023,Almoço,"75,25","448,5","373,25",40,20,"12,5",125,120,4,15,25,30,30,25,2,0
Terça-feira,15/08/2023,Jantar,34,"268,5","234,5",15,10,"12,5",40,60,4,15,25,30,30,25,2,0
Quarta-feira,16/08/2023,Almoço,"28,45","448,5","420,05",40,20,"12,5",125,120,4,15,25,30,30,25,2,0
Quarta-feira,16/08/2023,Jantar,15,"268,5","253,5",15,10,"12,5",40,60,4,15,25,30,30,25,2,0
Quinta-feira,17/08/2023,Almoço,"16,3","448,5","432,2",40,20,"12,5",125,120,4,15,25,30,30,25,2,0
Quinta-feira,17/08/2023,Jantar,"7,9","268,5","260,6",15,10,"12,5",40,60,4,15,25,30,30,25,2,0
Sexta-feira,18/08/2023,Almoço,"28,8","448,5","419,7",40,20,"12,5",125,120,4,15,25,30,30,25,2,1
Sexta-feira,18/08/2023,Jantar,"0,5","268,5",268,15,10,"12,5",40,60,4,15,25,30,30,25,2,1
Sábado,19/08/2023,Almoço,0,"448,5","448,5",40,20,"12,5",125,120,4,15,25,30,30,25,2,2
Sábado,19/08/2023,Jantar,0,"268,5","268,5",15,10,"12,5",40,60,4,15,25,30,30,25,2,2
Domingo,20/08/2023,Almoço,"1,05","448,5","447,45",40,20,"12,5",125,120,4,15,25,30,30,25,2,2
Domingo,20/08/2023,Jantar,"4,25","268,5","264,25",15,10,"12,5",40,60,4,15,25,30,30,25,2,2
Segunda-feira,21/08/2023,Almoço,"53,55","448,5","394,95",40,20,"12,5",125,120,4,15,25,30,30,25,2,0
Segunda-feira,21/08/2023,Jantar,"7,35","268,5","261,15",15,10,"12,5",40,60,4,15,25,30,30,25,2,0
Terça-feira,22/08/2023,Almoço,"43,8","448,5","404,7",40,20,"12,5",125,120,4,15,25,30,30,25,2,0
Terça-feira,22/08/2023,Jantar,"18,45","268,5","250,05",15,10,"12,5",40,60,4,15,25,30,30,25,2,0
Quarta-feira,23/08/2023,Almoço,"37,5","448,5",411,40,20,"12,5",125,120,4,15,25,30,30,25,2,0
Quarta-feira,23/08/2023,Jantar,"27,3","268,5","241,2",15,10,"12,5",40,60,4,15,25,30,30,25,2,0
Quinta-feira,24/08/2023,Almoço,"65,1","448,5","383,4",40,20,"12,5",125,120,4,15,25,30,30,25,2,0
Quinta-feira,24/08/2023,Jantar,"18,7","268,5","249,8",15,10,"12,5",40,60,4,15,25,30,30,25,2,0
Sexta-feira,25/08/2023,Almoço,"36,5","448,5",412,40,20,"12,5",125,120,4,15,25,30,30,25,2,1
Sexta-feira,25/08/2023,Jantar,15,"268,5","253,5",15,10,"12,5",40,60,4,15,25,30,30,25,2,1
Sábado,26/08/2023,Almoço,"7,1","448,5","441,4",40,20,"12,5",125,120,4,15,25,30,30,25,2,2
Sábado,26/08/2023,Jantar,"5,25","268,5","263,25",15,10,"12,5",40,60,4,15,25,30,30,25,2,2
Domingo,27/08/2023,Almoço,"7,75","448,5","440,75",40,20,"12,5",125,120,4,15,25,30,30,25,2,2
Domingo,27/08/2023,Jantar,"2,05","268,5","266,45",15,10,"12,5",40,60,4,15,25,30,30,25,2,2
Segunda-feira,28/08/2023,Almoço,"34,8","448,5","413,7",40,20,"12,5",125,120,4,15,25,30,30,25,2,0
Segunda-feira,28/08/2023,Jantar,11,"268,5","257,5",15,10,"12,5",40,60,4,15,25,30,30,25,2,0
Terça-feira,29/08/2023,Almoço,"50,55","448,5","397,95",40,20,"12,5",125,120,4,15,25,30,30,25,2,0
Terça-feira,29/08/2023,Jantar,"20,05","268,5","248,45",15,10,"12,5",40,60,4,15,25,30,30,25,2,0
Quarta-feira,30/08/2023,Almoço,"52,15","448,5","396,35",40,20,"12,5",125,120,4,15,25,30,30,25,2,0
Quarta-feira,30/08/2023,Jantar,"14,2","268,5","254,3",15,10,"12,5",40,60,4,15,25,30,30,25,2,0
Quinta-feira,31/08/2023,Almoço,29,"448,5","419,5",40,20,"12,5",125,120,4,15,25,30,30,25,2,0
Quinta-feira,31/08/2023,Jantar,26,"268,5","242,5",15,10,"12,5",40,60,4,15,25,30,30,25,2,0
Sexta-feira,01/09/2023,Almoço,"34,8","448,5","413,7",40,20,"12,5",125,120,4,15,25,30,30,25,2,1
Sexta-feira,01/09/2023,Jantar,"8,3","268,5","260,2",15,10,"12,5",40,60,4,15,25,30,30,25,2,1
Sábado,02/09/2023,Almoço,"14,35","448,5","434,15",40,20,"12,5",125,120,4,15,25,30,30,25,2,2
Sábado,02/09/2023,Jantar,"1,75","268,5","266,75",15,10,"12,5",40,60,4,15,25,30,30,25,2,2
Domingo,03/09/2023,Almoço,"3,15","448,5","445,35",40,20,"12,5",125,120,4,15,25,30,30,25,2,2
Domingo,03/09/2023,Jantar,7,"268,5","261,5",15,10,"12,5",40,60,4,15,25,30,30,25,2,2
Segunda-feira,04/09/2023,Almoço,"39,9","448,5","408,6",40,20,"12,5",125,120,4,15,25,30,30,25,2,0
Segunda-feira,04/09/2023,Jantar,"14,4","268,5","254,1",15,10,"12,5",40,60,4,15,25,30,30,25,2,0
Terça-feira,05/09/2023,Almoço,"54,5","448,5",394,40,20,"12,5",125,120,4,15,25,30,30,25,2,0
Terça-feira,05/09/2023,Jantar,"16,2","268,5","252,3",15,10,"12,5",40,60,4,15,25,30,30,25,2,0
Quarta-feira,06/09/2023,Almoço,"48,1","448,5","400,4",40,20,"12,5",125,120,4,15,25,30,30,25,2,3
Quarta-feira,06/09/2023,Jantar,"7,3","268,5","261,2",15,10,"12,5",40,60,4,15,25,30,30,25,2,3
Quinta-feira,07/09/2023,Almoço,5,"448,5","443,5",40,20,"12,5",125,120,4,15,25,30,30,25,2,4
Quinta-feira,07/09/2023,Jantar,"6,65","268,5","261,85",15,10,"12,5",40,60,4,15,25,30,30,25,2,4
Sexta-feira,08/09/2023,Almoço,"2,5","448,5",446,40,20,"12,5",125,120,4,15,25,30,30,25,2,5
Sexta-feira,08/09/2023,Jantar,"2,4","268,5","266,1",15,10,"12,5",40,60,4,15,25,30,30,25,2,5
Sábado,09/09/2023,Almoço,9,"448,5","439,5",40,20,"12,5",125,120,4,15,25,30,30,25,2,2
Sábado,09/09/2023,Jantar,"3,4","268,5","265,1",15,10,"12,5",40,60,4,15,25,30,30,25,2,2
Domingo,10/09/2023,Almoço,"1,1","448,5","447,4",40,20,"12,5",125,120,4,15,25,30,30,25,2,2
Domingo,10/09/2023,Jantar,"2,6","268,5","265,9",15,10,"12,5",40,60,4,15,25,30,30,25,2,2
Segunda-feira,11/09/2023,Almoço,"61,45","448,5","387,05",40,20,"12,5",125,120,4,15,25,30,30,25,2,0
Segunda-feira,11/09/2023,Jantar,"12,3","268,5","256,2",15,10,"12,5",40,60,4,15,25,30,30,25,2,0
Terça-feira,12/09/2023,Almoço,"52,8","448,5","395,7",40,20,"12,5",125,120,4,15,25,30,30,25,2,0
Terça-feira,12/09/2023,Jantar,"10,35","268,5","258,15",15,10,"12,5",40,60,4,15,25,30,30,25,2,0
Quarta-feira,13/09/2023,Almoço,"39,65","448,5","408,85",40,20,"12,5",125,120,4,15,25,30,30,25,2,0
Quarta-feira,13/09/2023,Jantar,19,"268,5","249,5",15,10,"12,5",40,60,4,15,25,30,30,25,2,0
Quinta-feira,14/09/2023,Almoço,"55,25","448,5","393,25",40,20,"12,5",125,120,4,15,25,30,30,25,2,0
Quinta-feira,14/09/2023,Jantar,"21,9","268,5","246,6",15,10,"12,5",40,60,4,15,25,30,30,25,2,0
Sexta-feira,15/09/2023,Almoço,"46,45","448,5","402,05",40,20,"12,5",125,120,4,15,25,30,30,25,2,1
Sexta-feira,15/09/2023,Jantar,"5,2","268,5","263,3",15,10,"12,5",40,60,4,15,25,30,30,25,2,1
Sábado,16/09/2023,Almoço,"6,9","448,5","441,6",40,20,"12,5",125,120,4,15,25,30,30,25,2,2
Sábado,16/09/2023,Jantar,"3,1","268,5","265,4",15,10,"12,5",40,60,4,15,25,30,30,25,2,2
Domingo,17/09/2023,Almoço,"5,2","448,5","443,3",40,20,"12,5",125,120,4,15,25,30,30,25,2,2
Domingo,17/09/2023,Jantar,6,"268,5","262,5",15,10,"12,5",40,60,4,15,25,30,30,25,2,2
Segunda-feira,18/09/2023,Almoço,58,"448,5","390,5",40,20,"12,5",125,120,4,15,25,30,30,25,2,0
Segunda-feira,18/09/2023,Jantar,"16,3","268,5","252,2",15,10,"12,5",40,60,4,15,25,30,30,25,2,0
Terça-feira,19/09/2023,Almoço,56,"448,5","392,5",40,20,"12,5",125,120,4,15,25,30,30,25,2,0
Terça-feira,19/09/2023,Jantar,14,"268,5","254,5",15,10,"12,5",40,60,4,15,25,30,30,25,2,0
Quarta-feira,20/09/2023,Almoço,"31,25","448,5","417,25",40,20,"12,5",125,120,4,15,25,30,30,25,2,0
Quarta-feira,20/09/2023,Jantar,"19,1","268,5","249,4",15,10,"12,5",40,60,4,15,25,30,30,25,2,0
Quinta-feira,21/09/2023,Almoço,"66,55","448,5","381,95",40,20,"12,5",125,120,4,15,25,30,30,25,2,0
Quinta-feira,21/09/2023,Jantar,"18,15","268,5","250,35",15,10,"12,5",40,60,4,15,25,30,30,25,2,0
Sexta-feira,22/09/2023,Almoço,"27,75","448,5","420,75",40,20,"12,5",125,120,4,15,25,30,30,25,2,1
Sexta-feira,22/09/2023,Jantar,"7,85","268,5","260,65",15,10,"12,5",40,60,4,15,25,30,30,25,2,1
Sábado,23/09/2023,Almoço,"6,15","448,5","442,35",40,20,"12,5",125,120,4,15,25,30,30,25,2,2
Sábado,23/09/2023,Jantar,"3,3","268,5","265,2",15,10,"12,5",40,60,4,15,25,30,30,25,2,2
Domingo,24/09/2023,Almoço,"4,5","448,5",444,40,20,"12,5",125,120,4,15,25,30,30,25,2,2
Domingo,24/09/2023,Jantar,"2,05","268,5","266,45",15,10,"12,5",40,60,4,15,25,30,30,25,2,2
Segunda-feira,25/09/2023,Almoço,"60,45","448,5","388,05",40,20,"12,5",125,120,4,15,25,30,30,25,2,0
Segunda-feira,25/09/2023,Jantar,12,"268,5","256,5",15,10,"12,5",40,60,4,15,25,30,30,25,2,0
Terça-feira,26/09/2023,Almoço,46,"448,5","402,5",40,20,"12,5",125,120,4,15,25,30,30,25,2,0
Terça-feira,26/09/2023,Jantar,13,"268,5","255,5",15,10,"12,5",40,60,4,15,25,30,30,25,2,0
Quarta-feira,27/09/2023,Almoço,"69,79","448,5","378,71",40,20,"12,5",125,120,4,15,25,30,30,25,2,0
Quarta-feira,27/09/2023,Jantar,"13,9","268,5","254,6",15,10,"12,5",40,60,4,15,25,30,30,25,2,0
Quinta-feira,28/09/2023,Almoço,"49,65","448,5","398,85",40,20,"12,5",125,120,4,15,25,30,30,25,2,0
Quinta-feira,28/09/2023,Jantar,25,"268,5","243,5",15,10,"12,5",40,60,4,15,25,30,30,25,2,0
Sexta-feira,29/09/2023,Almoço,"38,95","448,5","409,55",40,20,"12,5",125,120,4,15,25,30,30,25,2,1
Sexta-feira,29/09/2023,Jantar,6,"268,5","262,5",15,10,"12,5",40,60,4,15,25,30,30,25,2,1
Sábado,30/09/2023,Almoço,"20,45","448,5","428,05",40,20,"12,5",125,120,4,15,25,30,30,25,2,2
Sábado,30/09/2023,Jantar,"5,1","268,5","263,4",15,10,"12,5",40,60,4,15,25,30,30,25,2,2
Domingo,01/10/2023,Almoço,"6,8","448,5","441,7",40,20,"12,5",125,120,4,15,25,30,30,25,2,2
Domingo,01/10/2023,Jantar,"4,85","268,5","263,65",15,10,"12,5",40,60,4,15,25,30,30,25,2,2
Segunda-feira,02/10/2023,Almoço,"46,8","448,5","401,7",40,20,"12,5",125,120,4,15,25,30,30,25,2,0
Segunda-feira,02/10/2023,Jantar,30,"268,5","238,5",15,10,"12,5",40,60,4,15,25,30,30,25,2,0
Terça-feira,03/10/2023,Almoço,"48,85","448,5","399,65",40,20,"12,5",125,120,4,15,25,30,30,25,2,0
Terça-feira,03/10/2023,Jantar,"20,15","268,5","248,35",15,10,"12,5",40,60,4,15,25,30,30,25,2,0